{
  "regions": [
    {
      "name": "North Texas",
      "nameEs": "Norte de Texas",
      "slug": "north-texas",
      "description": "Serving Dallas-Fort Worth with personalized ABA therapy",
      "descriptionEs": "Sirviendo Dallas-Fort Worth con terapia ABA personalizada",
      "image": "/images/wp/North-Texas-ABA-Therapy-1.jpeg",
      "cities": [
        "dallas", "fort-worth", "arlington", "plano", "irving", "frisco",
        "mckinney", "carrollton", "denton", "lewisville", "richardson",
        "allen", "flower-mound", "garland", "grand-prairie", "mesquite",
        "grapevine", "bedford", "euless", "north-richland-hills", "mansfield",
        "keller", "southlake", "colleyville", "coppell", "cedar-hill",
        "desoto", "duncanville", "lancaster", "rowlett", "rockwall",
        "wylie", "sachse", "murphy", "waxahachie"
      ]
    },
    {
      "name": "San Antonio",
      "nameEs": "San Antonio",
      "slug": "san-antonio",
      "description": "Innovative ABA interventions for San Antonio families",
      "descriptionEs": "Intervenciones ABA innovadoras para familias de San Antonio",
      "image": "/images/wp/San-Antonio-ABA-Therapy.jpeg",
      "cities": ["san-antonio", "new-braunfels", "schertz", "cibolo", "converse", "live-oak", "universal-city"]
    },
    {
      "name": "El Paso",
      "nameEs": "El Paso",
      "slug": "el-paso",
      "description": "Comprehensive ABA services for the El Paso community",
      "descriptionEs": "Servicios ABA integrales para la comunidad de El Paso",
      "image": "/images/wp/El-Paso-ABA-Therapy.jpeg",
      "cities": ["el-paso", "socorro", "horizon-city", "anthony", "canutillo"]
    }
  ],
  "cities": [
    {"slug": "dallas", "name": "Dallas", "region": "north-texas", "population": "1300000"},
    {"slug": "fort-worth", "name": "Fort Worth", "region": "north-texas", "population": "935000"},
    {"slug": "arlington", "name": "Arlington", "region": "north-texas", "population": "394000"},
    {"slug": "plano", "name": "Plano", "region": "north-texas", "population": "285000"},
    {"slug": "irving", "name": "Irving", "region": "north-texas", "population": "256000"},
    {"slug": "frisco", "name": "Frisco", "region": "north-texas", "population": "220000"},
    {"slug": "mckinney", "name": "McKinney", "region": "north-texas", "population": "199000"},
    {"slug": "carrollton", "name": "Carrollton", "region": "north-texas", "population": "138000"},
    {"slug": "denton", "name": "Denton", "region": "north-texas", "population": "145000"},
    {"slug": "lewisville", "name": "Lewisville", "region": "north-texas", "population": "110000"},
    {"slug": "richardson", "name": "Richardson", "region": "north-texas", "population": "120000"},
    {"slug": "allen", "name": "Allen", "region": "north-texas", "population": "105000"},
    {"slug": "flower-mound", "name": "Flower Mound", "region": "north-texas", "population": "79000"},
    {"slug": "garland", "name": "Garland", "region": "north-texas", "population": "238000"},
    {"slug": "grand-prairie", "name": "Grand Prairie", "region": "north-texas", "population": "196000"},
    {"slug": "mesquite", "name": "Mesquite", "region": "north-texas", "population": "150000"},
    {"slug": "grapevine", "name": "Grapevine", "region": "north-texas", "population": "54000"},
    {"slug": "bedford", "name": "Bedford", "region": "north-texas", "population": "49000"},
    {"slug": "euless", "name": "Euless", "region": "north-texas", "population": "56000"},
    {"slug": "north-richland-hills", "name": "North Richland Hills", "region": "north-texas", "population": "70000"},
    {"slug": "mansfield", "name": "Mansfield", "region": "north-texas", "population": "75000"},
    {"slug": "keller", "name": "Keller", "region": "north-texas", "population": "47000"},
    {"slug": "southlake", "name": "Southlake", "region": "north-texas", "population": "32000"},
    {"slug": "colleyville", "name": "Colleyville", "region": "north-texas", "population": "27000"},
    {"slug": "coppell", "name": "Coppell", "region": "north-texas", "population": "41000"},
    {"slug": "cedar-hill", "name": "Cedar Hill", "region": "north-texas", "population": "48000"},
    {"slug": "desoto", "name": "DeSoto", "region": "north-texas", "population": "54000"},
    {"slug": "duncanville", "name": "Duncanville", "region": "north-texas", "population": "40000"},
    {"slug": "lancaster", "name": "Lancaster", "region": "north-texas", "population": "42000"},
    {"slug": "rowlett", "name": "Rowlett", "region": "north-texas", "population": "67000"},
    {"slug": "rockwall", "name": "Rockwall", "region": "north-texas", "population": "47000"},
    {"slug": "wylie", "name": "Wylie", "region": "north-texas", "population": "55000"},
    {"slug": "sachse", "name": "Sachse", "region": "north-texas", "population": "27000"},
    {"slug": "murphy", "name": "Murphy", "region": "north-texas", "population": "22000"},
    {"slug": "waxahachie", "name": "Waxahachie", "region": "north-texas", "population": "40000"},
    {"slug": "san-antonio", "name": "San Antonio", "region": "san-antonio", "population": "1500000"},
    {"slug": "new-braunfels", "name": "New Braunfels", "region": "san-antonio", "population": "98000"},
    {"slug": "schertz", "name": "Schertz", "region": "san-antonio", "population": "42000"},
    {"slug": "cibolo", "name": "Cibolo", "region": "san-antonio", "population": "35000"},
    {"slug": "converse", "name": "Converse", "region": "san-antonio", "population": "28000"},
    {"slug": "live-oak", "name": "Live Oak", "region": "san-antonio", "population": "16000"},
    {"slug": "universal-city", "name": "Universal City", "region": "san-antonio", "population": "21000"},
    {"slug": "el-paso", "name": "El Paso", "region": "el-paso", "population": "680000"},
    {"slug": "socorro", "name": "Socorro", "region": "el-paso", "population": "34000"},
    {"slug": "horizon-city", "name": "Horizon City", "region": "el-paso", "population": "22000"},
    {"slug": "anthony", "name": "Anthony", "region": "el-paso", "population": "5500"},
    {"slug": "canutillo", "name": "Canutillo", "region": "el-paso", "population": "6500"}
  ],
  "contact": {
    "address": "4351 Cross Timbers Rd Suite 400, Flower Mound, TX 75028",
    "phone": "(972) 900-2488",
    "email": "hello@prosperahealthcare.com",
    "hours": "9 AM - 5 PM, Monday-Friday"
  }
}
